2017-01-10 05:25,         NaN
2017-01-11 17:13,         NaN
2017-01-12 17:04,         NaN
2017-01-13 16:57,         NaN
2017-01-14 16:48,         NaN
2017-01-17 17:12,         NaN
2017-01-18 05:07,         NaN
2017-01-18 17:05,       0.049
2017-01-19 16:56,         NaN
2017-01-20 16:48,         NaN
2017-01-23 05:16,         NaN
2017-01-23 17:13,         NaN
2017-01-24 05:08,         NaN
2017-01-24 17:04,       0.039
2017-01-25 16:57,         NaN
2017-01-26 16:48,         NaN
2017-01-29 05:16,         NaN
2017-01-29 17:12,         NaN
2017-01-30 05:07,         NaN
2017-01-30 17:05,       0.042
2017-01-31 16:56,         NaN
2017-02-01 16:48,         NaN
2017-02-03 05:24,       0.442
2017-02-04 05:16,       0.878
2017-02-04 17:13,         NaN
2017-02-05 05:08,         NaN
2017-02-05 17:04,       1.000
2017-02-06 04:59,         NaN
2017-02-06 16:57,         NaN
2017-02-07 16:48,         NaN
2017-02-09 05:24,       0.621
2017-02-10 05:16,       0.856
2017-02-10 17:12,         NaN
2017-02-11 05:07,         NaN
2017-02-11 17:05,       0.872
2017-02-12 16:56,         NaN
2017-02-13 16:48,         NaN
2017-02-15 05:24,         NaN
2017-02-16 05:16,       0.326
2017-02-16 17:13,         NaN
2017-02-17 17:04,       0.254
2017-02-18 04:59,         NaN
2017-02-18 16:57,         NaN
2017-02-19 16:48,         NaN
2017-02-21 05:24,       0.420
2017-02-22 05:16,       0.256
2017-02-22 17:12,         NaN
2017-02-23 05:07,         NaN
2017-02-23 17:05,       0.189
2017-02-24 05:00,         NaN
2017-02-24 16:56,         NaN
2017-02-25 16:48,         NaN
2017-02-27 05:24,         NaN
2017-02-28 05:16,       0.385
2017-02-28 17:13,         NaN
2017-03-01 05:08,         NaN
2017-03-01 17:04,       0.109
2017-03-02 04:59,         NaN
2017-03-02 16:57,         NaN
2017-03-03 16:48,         NaN
2017-03-05 05:24,       0.213
2017-03-06 05:16,       0.099
2017-03-06 17:12,         NaN
2017-03-07 05:07,         NaN
2017-03-07 17:05,       0.399
2017-03-08 05:00,         NaN
2017-03-08 16:56,         NaN
2017-03-09 16:48,         NaN
2017-03-11 05:24,       0.195
2017-03-12 05:16,       0.070
2017-03-12 17:13,         NaN
2017-03-13 05:08,         NaN
2017-03-13 17:04,       0.048
2017-03-14 04:59,         NaN
2017-03-14 16:57,         NaN
2017-03-15 16:48,         NaN
2017-03-17 05:24,       0.129
2017-03-18 05:16,       0.051
2017-03-18 17:12,         NaN
2017-03-19 05:07,         NaN
2017-03-19 17:05,       0.025
2017-03-20 05:00,         NaN
2017-03-20 16:56,         NaN
2017-03-21 16:48,         NaN
2017-03-23 05:24,       0.147
2017-03-24 05:16,       0.059
2017-03-24 17:13,         NaN
2017-03-25 05:08,         NaN
2017-03-25 17:04,       0.037
2017-03-26 04:59,         NaN
2017-03-26 16:57,         NaN
2017-03-27 16:48,         NaN
2017-03-29 05:24,       0.103
2017-03-30 05:16,       0.005
2017-03-30 17:12,         NaN
2017-03-31 05:07,         NaN
2017-03-31 17:05,         NaN
2017-04-01 05:00,         NaN
2017-04-01 16:56,         NaN
2017-04-02 16:48,         NaN
2017-04-04 05:25,       0.007
2017-04-05 05:16,       0.042
2017-04-05 17:13,         NaN
2017-04-06 05:08,         NaN
2017-04-06 17:04,         NaN
2017-04-07 04:59,         NaN
2017-04-07 16:57,         NaN
2017-04-08 16:48,         NaN
2017-04-10 05:24,       0.010
2017-04-11 05:16,       0.000
2017-04-11 17:12,         NaN
2017-04-12 05:07,         NaN
2017-04-12 17:05,         NaN
2017-04-13 05:00,         NaN
2017-04-14 16:48,         NaN
2017-04-16 05:25,       0.009
2017-04-17 05:16,       0.553
2017-04-17 17:13,         NaN
2017-04-18 05:08,         NaN
2017-04-18 17:04,       0.430
2017-04-19 04:59,         NaN
2017-04-19 16:57,         NaN
2017-04-20 16:48,         NaN
2017-04-22 05:24,       0.180
2017-04-23 05:16,       0.095
2017-04-23 17:12,         NaN
2017-04-24 05:07,         NaN
2017-04-24 17:05,       0.014
2017-04-25 05:00,         NaN
2017-04-25 16:56,         NaN
2017-04-26 16:48,         NaN
2017-04-28 05:25,       0.606
2017-04-29 05:16,       0.324
2017-04-29 17:13,         NaN
2017-04-30 05:08,         NaN
2017-04-30 17:04,       0.100
2017-05-01 04:59,         NaN
2017-05-01 16:57,         NaN
2017-05-02 16:48,         NaN
2017-05-04 05:24,       0.689
2017-05-05 05:16,       0.892
2017-05-05 17:12,         NaN
2017-05-06 05:07,         NaN
2017-05-06 17:05,       0.881
2017-05-07 05:00,         NaN
2017-05-07 16:56,         NaN
2017-05-08 16:48,         NaN
2017-05-10 05:25,       0.739
2017-05-11 05:16,       0.799
2017-05-11 17:13,         NaN
2017-05-12 05:08,         NaN
2017-05-12 17:04,       0.875
2017-05-13 04:59,         NaN
2017-05-13 16:57,         NaN
2017-05-14 16:48,         NaN
2017-05-16 05:24,       0.756
2017-05-17 05:16,       0.631
2017-05-17 17:12,         NaN
2017-05-18 05:07,         NaN
2017-05-18 17:05,       0.250
2017-05-19 05:00,         NaN
2017-05-19 16:56,         NaN
2017-05-20 16:48,         NaN
2017-05-22 05:25,       0.350
2017-05-23 05:16,       0.513
2017-05-23 17:13,         NaN
2017-05-24 05:08,         NaN
2017-05-24 17:04,       0.363
2017-05-25 04:59,         NaN
2017-05-25 16:57,         NaN
2017-05-26 16:48,         NaN
2017-05-28 05:24,       0.473
2017-05-29 05:16,       0.588
2017-05-29 17:12,         NaN
2017-05-30 05:07,         NaN
2017-05-30 17:05,       0.344
2017-05-31 05:00,         NaN
2017-05-31 16:56,         NaN
2017-06-01 16:49,         NaN
2017-06-03 05:25,       0.357
2017-06-04 05:16,       0.464
2017-06-04 17:13,         NaN
2017-06-05 05:08,         NaN
2017-06-05 17:04,       0.340
2017-06-06 04:59,         NaN
2017-06-06 16:57,         NaN
2017-06-07 16:48,         NaN
2017-06-09 05:24,       0.482
2017-06-10 05:16,       0.530
2017-06-10 17:12,         NaN
2017-06-11 05:07,         NaN
2017-06-11 17:05,       0.323
2017-06-12 05:00,         NaN
2017-06-12 16:56,         NaN
2017-06-13 16:49,         NaN
2017-06-15 05:25,       0.988
2017-06-16 05:16,       0.973
2017-06-16 17:13,         NaN
2017-06-17 05:08,         NaN
2017-06-17 17:04,       0.424
2017-06-18 04:59,         NaN
2017-06-18 16:57,         NaN
2017-06-19 16:48,         NaN
2017-06-21 05:24,       0.455
2017-06-22 05:16,       0.464
2017-06-22 17:12,         NaN
2017-06-23 05:07,         NaN
2017-06-23 17:05,       0.357
2017-06-24 05:00,         NaN
2017-06-24 16:56,         NaN
2017-06-25 16:49,         NaN
2017-06-27 05:25,       0.419
2017-06-28 05:16,       0.535
2017-06-28 17:13,         NaN
2017-06-29 05:08,         NaN
2017-06-29 17:04,       0.592
2017-06-30 04:59,         NaN
2017-06-30 16:57,         NaN
2017-07-01 16:48,         NaN
2017-07-03 05:24,       0.381
2017-07-04 05:16,       0.404
2017-07-04 17:12,         NaN
2017-07-05 05:07,         NaN
2017-07-05 17:05,       0.320
2017-07-06 05:00,         NaN
2017-07-06 16:56,         NaN
2017-07-07 16:49,         NaN
2017-07-09 05:25,       0.272
2017-07-10 05:16,       0.301
2017-07-10 17:13,         NaN
2017-07-11 05:08,         NaN
2017-07-11 17:04,       0.824
2017-07-12 04:59,         NaN
2017-07-12 16:57,         NaN
2017-07-13 16:48,         NaN
2017-07-15 05:24,       0.369
2017-07-16 05:16,       0.275
2017-07-16 17:12,         NaN
2017-07-17 05:07,         NaN
2017-07-17 17:05,       0.231
2017-07-18 16:56,         NaN
2017-07-19 16:49,         NaN
2017-07-21 05:25,       0.160
2017-07-22 05:16,       0.124
2017-07-22 17:13,         NaN
2017-07-23 05:08,         NaN
2017-07-23 17:04,       0.161
2017-07-24 04:59,         NaN
2017-07-24 16:57,         NaN
2017-07-25 16:48,         NaN
2017-07-27 05:24,       0.101
2017-07-28 05:16,       0.107
2017-07-28 17:12,         NaN
2017-07-29 05:07,         NaN
2017-07-29 17:05,       0.172
2017-07-30 05:00,         NaN
2017-07-30 16:56,         NaN
2017-07-31 16:49,         NaN
2017-08-02 05:25,       0.126
2017-08-03 05:16,       0.127
2017-08-03 17:13,         NaN
2017-08-04 05:08,         NaN
2017-08-04 17:04,       0.146
2017-08-05 04:59,         NaN
2017-08-05 16:57,         NaN
2017-08-06 16:48,         NaN
2017-08-08 05:24,       0.318
2017-08-09 05:16,       0.238
2017-08-09 17:12,         NaN
2017-08-10 05:07,         NaN
2017-08-10 17:05,       0.674
2017-08-11 05:00,         NaN
2017-08-11 16:56,         NaN
2017-08-12 16:49,         NaN
2017-08-14 05:25,       0.143
2017-08-15 05:16,       0.132
2017-08-15 17:13,         NaN
2017-08-16 05:08,         NaN
2017-08-16 17:04,       0.160
2017-08-17 04:59,         NaN
2017-08-17 16:57,         NaN
2017-08-18 16:48,         NaN
2017-08-20 05:24,       0.139
2017-08-21 05:16,       0.113
2017-08-21 17:12,         NaN
2017-08-22 05:07,         NaN
2017-08-22 17:05,       0.156
2017-08-23 05:00,         NaN
2017-08-23 16:56,         NaN
2017-08-24 16:49,         NaN
2017-08-26 05:25,       0.173
2017-08-27 05:16,       0.203
2017-08-27 17:13,         NaN
2017-08-28 05:08,         NaN
2017-08-28 17:04,       0.201
2017-08-29 04:59,         NaN
2017-08-29 16:57,         NaN
2017-08-30 16:48,         NaN
2017-09-01 05:24,       0.789
2017-09-02 05:16,       0.458
2017-09-02 17:13,         NaN
2017-09-03 05:07,         NaN
2017-09-03 17:05,         NaN
2017-09-04 05:00,         NaN
2017-09-04 16:56,         NaN
2017-09-05 16:49,         NaN
2017-09-07 05:25,       0.272
2017-09-08 05:16,       0.848
2017-09-08 17:13,         NaN
2017-09-09 05:08,         NaN
2017-09-09 17:04,       0.314
2017-09-10 04:59,         NaN
2017-09-10 16:57,         NaN
2017-09-11 16:48,         NaN
2017-09-13 05:24,       0.936
2017-09-14 05:16,       0.874
2017-09-14 17:13,         NaN
2017-09-15 05:07,         NaN
2017-09-15 17:05,       0.438
2017-09-16 05:00,         NaN
2017-09-16 16:56,         NaN
2017-09-17 16:49,         NaN
2017-09-19 05:25,         NaN
2017-09-20 05:16,         NaN
2017-09-20 17:13,         NaN
2017-09-21 05:08,         NaN
2017-09-21 17:04,       0.455
2017-09-22 04:59,         NaN
2017-09-22 16:57,         NaN
2017-09-23 16:48,         NaN
2017-09-25 05:24,       0.962
2017-09-26 05:16,       0.899
2017-09-26 17:13,         NaN
2017-09-27 05:07,         NaN
2017-09-27 17:05,       0.361
2017-09-28 05:00,         NaN
2017-09-28 16:56,         NaN
2017-09-29 16:49,         NaN
2017-10-01 05:25,       0.302
2017-10-02 05:16,       0.561
2017-10-02 17:13,         NaN
2017-10-03 05:08,         NaN
2017-10-03 17:04,       0.305
2017-10-04 04:59,         NaN
2017-10-04 16:57,         NaN
2017-10-05 16:48,         NaN
2017-10-07 05:24,         NaN
2017-10-08 05:16,       0.979
2017-10-08 17:13,         NaN
2017-10-09 05:07,         NaN
2017-10-09 17:05,       0.452
2017-10-10 05:00,         NaN
2017-10-10 16:56,         NaN
2017-10-11 16:49,         NaN
2017-10-13 05:25,       0.445
2017-10-14 05:16,       0.412
2017-10-14 17:13,         NaN
2017-10-15 05:08,         NaN
2017-10-15 17:04,       0.250
2017-10-16 04:59,         NaN
2017-10-16 16:57,         NaN
2017-10-17 16:48,         NaN
2017-10-19 05:24,       0.393
2017-10-20 05:16,       0.405
2017-10-20 17:13,         NaN
2017-10-21 05:07,         NaN
2017-10-21 17:05,       0.306
2017-10-22 05:00,         NaN
2017-10-22 16:56,         NaN
2017-10-23 16:49,         NaN
2017-10-25 05:25,       0.291
2017-10-26 05:16,       0.332
2017-10-26 17:13,         NaN
2017-10-27 05:08,         NaN
2017-10-27 17:04,       0.278
2017-10-28 04:59,         NaN
2017-10-28 16:57,         NaN
2017-10-29 16:48,         NaN
2017-10-31 05:24,       0.324
2017-11-01 05:16,       0.304
2017-11-01 17:13,         NaN
2017-11-02 05:07,         NaN
2017-11-02 17:05,       0.235
2017-11-03 05:00,         NaN
2017-11-03 16:56,         NaN
2017-11-04 16:49,         NaN
2017-11-06 05:25,       0.979
2017-11-07 05:16,         NaN
2017-11-07 17:13,         NaN
2017-11-08 05:08,         NaN
2017-11-08 17:04,         NaN
2017-11-09 04:59,         NaN
2017-11-09 16:57,         NaN
2017-11-10 16:48,         NaN
2017-11-12 05:24,       1.000
2017-11-13 05:16,         NaN
2017-11-13 17:13,         NaN
2017-11-14 05:07,         NaN
2017-11-14 17:05,         NaN
2017-11-15 05:00,         NaN
2017-11-15 16:56,         NaN
2017-11-16 16:49,         NaN
2017-11-18 05:25,       0.957
2017-11-19 17:13,         NaN
2017-11-20 05:08,         NaN
2017-11-20 17:04,       0.979
2017-11-21 04:59,         NaN
2017-11-21 16:57,         NaN
2017-11-22 16:48,         NaN
2017-11-24 05:24,       0.952
2017-11-25 05:16,       0.992
2017-11-25 17:13,         NaN
2017-11-26 05:07,         NaN
2017-11-26 17:05,         NaN
2017-11-27 05:00,         NaN
2017-11-27 16:56,         NaN
2017-11-28 16:49,         NaN
2017-11-30 05:25,       0.928
2017-12-01 05:16,         NaN
2017-12-01 17:13,         NaN
2017-12-02 05:08,         NaN
2017-12-02 17:04,         NaN
2017-12-03 04:59,         NaN
2017-12-03 16:57,         NaN
2017-12-04 16:48,         NaN
2017-12-06 05:24,         NaN
2017-12-07 05:16,         NaN
2017-12-07 17:13,         NaN
2017-12-08 05:07,         NaN
2017-12-08 17:05,       0.703
2017-12-09 05:00,         NaN
2017-12-09 16:56,         NaN
2017-12-10 16:49,         NaN
2017-12-12 05:25,       0.727
2017-12-13 05:16,       0.635
2017-12-13 17:13,         NaN
2017-12-14 05:08,         NaN
2017-12-14 17:04,       0.669
2017-12-15 04:59,         NaN
2017-12-15 16:57,         NaN
2017-12-16 16:48,         NaN
2017-12-18 05:24,         NaN
2017-12-19 05:16,         NaN
2017-12-19 17:13,         NaN
2017-12-20 05:07,         NaN
2017-12-20 17:05,         NaN
2017-12-21 16:56,         NaN
2017-12-22 16:49,         NaN
2017-12-24 05:25,         NaN
2017-12-25 05:16,         NaN
2017-12-25 17:13,         NaN
2017-12-26 05:08,         NaN
2017-12-26 17:04,       0.382
2017-12-27 04:59,         NaN
2017-12-27 16:57,         NaN
2017-12-28 16:48,         NaN
2017-12-30 05:24,         NaN
2017-12-31 05:16,         NaN
2017-12-31 17:12,         NaN
2018-01-01 05:07,         NaN
2018-01-01 17:05,       0.852
2018-01-02 05:00,         NaN
2018-01-02 16:56,         NaN
2018-01-03 16:49,         NaN
2018-01-05 05:25,       0.287
2018-01-06 05:16,       0.423
2018-01-06 17:13,         NaN
2018-01-07 05:08,         NaN
2018-01-07 17:04,       0.696
2018-01-08 04:59,         NaN
2018-01-08 16:57,         NaN
2018-01-09 16:48,         NaN
2018-01-11 05:24,       0.900
2018-01-12 05:16,       0.842
2018-01-12 17:12,         NaN
2018-01-13 05:07,         NaN
2018-01-13 17:05,       0.743
2018-01-14 05:00,         NaN
2018-01-14 16:56,         NaN
2018-01-15 16:49,         NaN
2018-01-17 05:25,       0.645
2018-01-18 05:16,       0.206
2018-01-18 17:13,         NaN
2018-01-19 05:08,         NaN
2018-01-19 17:04,       0.207
2018-01-20 04:59,         NaN
2018-01-20 16:57,         NaN
2018-01-21 16:48,         NaN
2018-01-23 05:24,         NaN
2018-01-24 05:16,         NaN
2018-01-24 17:13,         NaN
2018-01-25 05:07,         NaN
2018-01-25 17:05,       0.140
2018-01-26 05:00,         NaN
2018-01-26 16:56,         NaN
2018-01-27 16:49,         NaN
2018-01-29 05:25,       0.187
2018-01-30 05:16,       0.267
2018-01-30 17:13,         NaN
2018-01-31 05:08,         NaN
2018-01-31 17:05,       0.215
2018-02-01 04:59,         NaN
2018-02-01 16:57,         NaN
2018-02-02 16:48,         NaN
2018-02-04 05:24,         NaN
2018-02-05 05:16,         NaN
2018-02-05 17:13,         NaN
2018-02-06 05:07,         NaN
2018-02-06 17:05,         NaN
2018-02-07 16:56,         NaN
2018-02-08 16:49,         NaN
2018-02-10 05:25,       0.918
2018-02-11 05:16,         NaN
2018-02-11 17:13,         NaN
2018-02-12 05:08,         NaN
2018-02-12 17:04,         NaN
2018-02-13 16:57,         NaN
2018-02-14 16:48,         NaN
2018-02-16 05:24,         NaN
2018-02-17 05:16,         NaN
2018-02-17 17:13,         NaN
2018-02-18 05:07,         NaN
2018-02-18 17:05,         NaN
2018-02-19 16:56,         NaN
2018-02-20 16:49,         NaN
2018-02-22 05:25,         NaN
2018-02-23 05:16,         NaN
2018-02-23 17:13,         NaN
2018-02-24 05:08,         NaN
2018-02-24 17:04,         NaN
2018-02-25 16:57,         NaN
2018-03-02 17:05,         NaN
2018-03-03 16:56,         NaN
2018-03-04 16:49,         NaN
2018-03-06 05:25,         NaN
2018-03-07 05:16,         NaN
2018-03-07 17:13,         NaN
2018-03-08 05:08,         NaN
2018-03-08 17:04,       0.992
2018-03-09 04:59,         NaN
2018-03-09 16:57,         NaN
2018-03-10 16:48,         NaN
2018-03-12 05:24,       0.992
2018-03-13 05:16,       0.929
2018-03-13 17:12,         NaN
2018-03-14 05:07,         NaN
2018-03-14 17:05,       0.718
2018-03-15 05:00,         NaN
2018-03-15 16:56,         NaN
2018-03-16 16:49,         NaN
2018-03-18 05:25,       0.932
2018-03-19 05:16,       0.940
2018-03-19 17:13,         NaN
2018-03-20 05:08,         NaN
2018-03-20 17:04,       0.920
2018-03-21 16:57,         NaN
2018-03-22 16:48,         NaN
2018-03-24 05:24,       0.372
2018-03-25 05:16,       0.216
2018-03-25 17:12,         NaN
2018-03-26 05:07,         NaN
2018-03-26 17:05,       0.155
2018-03-27 05:00,         NaN
2018-03-27 16:56,         NaN
2018-03-28 16:49,         NaN
2018-03-30 05:25,       0.239
2018-03-31 05:16,       0.154
2018-03-31 17:13,         NaN
2018-04-01 05:08,         NaN
2018-04-01 17:04,       0.084
2018-04-02 04:59,         NaN
2018-04-02 16:57,         NaN
2018-04-03 16:48,         NaN
2018-04-05 05:24,       0.846
2018-04-06 05:16,       0.497
2018-04-06 17:12,         NaN
2018-04-07 05:07,         NaN
2018-04-07 17:05,       0.078
2018-04-08 05:00,         NaN
2018-04-08 16:56,         NaN
2018-04-09 16:49,         NaN
2018-04-11 05:25,       0.146
2018-04-12 05:16,       0.482
2018-04-12 17:13,         NaN
2018-04-13 05:08,         NaN
2018-04-13 17:04,       0.050
2018-04-14 04:59,         NaN
2018-04-14 16:57,         NaN
2018-04-15 16:48,         NaN
2018-04-17 05:24,       0.099
2018-04-18 05:16,       0.053
2018-04-19 05:07,         NaN
2018-04-19 17:05,       0.032
2018-04-20 05:00,         NaN
2018-04-20 16:56,         NaN
2018-04-21 16:49,         NaN
2018-04-23 05:25,       0.116
2018-04-24 05:16,       0.032
2018-04-24 17:13,         NaN
2018-04-25 05:08,         NaN
2018-04-25 17:04,       0.026
2018-04-26 04:59,         NaN
2018-04-26 16:57,         NaN
2018-04-27 16:48,         NaN
2018-04-29 05:24,       0.095
2018-04-30 05:16,       0.148
2018-04-30 17:13,         NaN
2018-05-01 05:07,         NaN
2018-05-01 17:05,       0.046
2018-05-02 05:00,         NaN
2018-05-02 16:56,         NaN
2018-05-03 16:49,         NaN
2018-05-05 05:25,       0.684
2018-05-06 05:16,       0.354
2018-05-06 17:13,         NaN
2018-05-07 05:08,         NaN
2018-05-07 17:04,       0.070
2018-05-08 04:59,         NaN
2018-05-08 16:57,         NaN
2018-05-09 16:48,         NaN
2018-05-11 05:24,       0.274
2018-05-12 05:16,       0.273
2018-05-12 17:13,         NaN
2018-05-13 05:07,         NaN
2018-05-13 17:05,       0.163
2018-05-14 05:00,         NaN
2018-05-14 16:56,         NaN
2018-05-15 16:49,         NaN
2018-05-17 05:25,       0.176
2018-05-18 05:16,       0.854
2018-05-18 17:13,         NaN
2018-05-19 05:08,         NaN
2018-05-19 17:04,       0.172
2018-05-20 04:59,         NaN
2018-05-20 16:57,         NaN
2018-05-21 16:48,         NaN
2018-05-23 05:24,       0.905
2018-05-24 05:16,       0.900
2018-05-24 17:13,         NaN
2018-05-25 05:07,         NaN
2018-05-25 17:05,       0.303
2018-05-26 05:00,         NaN
2018-05-26 16:56,         NaN
2018-05-27 16:49,         NaN
2018-05-29 05:25,       0.348
2018-05-30 05:16,       0.591
2018-05-30 17:13,         NaN
2018-05-31 05:08,         NaN
2018-05-31 17:04,       0.947
2018-06-01 04:59,         NaN
2018-06-01 16:57,         NaN
2018-06-02 16:48,         NaN
2018-06-04 05:24,       0.521
2018-06-05 05:16,       0.813
2018-06-05 17:13,         NaN
2018-06-06 05:07,         NaN
2018-06-06 17:05,       0.697
2018-06-07 05:00,         NaN
2018-06-07 16:56,         NaN
2018-06-08 16:49,         NaN
2018-06-10 05:25,       0.514
2018-06-11 05:16,       0.443
2018-06-11 17:13,         NaN
2018-06-12 05:08,         NaN
2018-06-12 17:04,       0.686
2018-06-13 04:59,         NaN
2018-06-13 16:57,         NaN
2018-06-14 16:48,         NaN
2018-06-16 05:24,       0.748
2018-06-17 05:16,       0.622
2018-06-17 17:13,         NaN
2018-06-18 05:07,         NaN
2018-06-18 17:05,       0.709
2018-06-19 05:00,         NaN
2018-06-19 16:56,         NaN
2018-06-20 16:49,         NaN
2018-06-22 05:25,       0.331
2018-06-23 05:16,       0.472
2018-06-23 17:13,         NaN
2018-06-24 05:08,         NaN
2018-06-24 17:04,       0.469
2018-06-25 04:59,         NaN
2018-06-25 16:57,         NaN
2018-06-26 16:48,         NaN
2018-06-28 05:24,       0.735
2018-06-29 05:16,       0.455
2018-06-30 05:07,         NaN
2018-06-30 17:05,       0.414
2018-07-01 05:00,         NaN
2018-07-01 16:56,         NaN
2018-07-02 16:49,         NaN
2018-07-04 05:25,       0.343
2018-07-05 05:16,       0.436
2018-07-05 17:13,         NaN
2018-07-06 17:04,       0.810
2018-07-07 04:59,         NaN
2018-07-07 16:57,         NaN
2018-07-08 16:48,         NaN
2018-07-10 05:24,       0.297
2018-07-11 05:16,       0.931
2018-07-11 17:13,         NaN
2018-07-12 05:07,         NaN
2018-07-12 17:05,       0.508
2018-07-13 05:00,         NaN
2018-07-13 16:56,         NaN
2018-07-14 16:49,         NaN
2018-07-16 05:25,       0.267
2018-07-17 05:16,       0.933
2018-07-17 17:13,         NaN
2018-07-18 05:08,         NaN
2018-07-18 17:04,       0.539
2018-07-19 04:59,         NaN
2018-07-19 16:57,         NaN
2018-07-20 16:48,         NaN
2018-07-22 05:24,       0.854
2018-07-23 05:16,       0.981
2018-07-23 17:13,         NaN
2018-07-24 05:07,         NaN
2018-07-24 17:05,       0.477
2018-07-25 05:00,         NaN
2018-07-26 16:49,         NaN
2018-07-28 05:25,       0.377
2018-07-29 05:16,       0.578
2018-07-29 17:13,         NaN
2018-07-30 05:08,         NaN
2018-07-30 17:04,       0.313
2018-07-31 04:59,         NaN
2018-07-31 16:57,         NaN
2018-08-01 16:48,         NaN
2018-08-03 05:24,       0.349
2018-08-04 05:16,       0.332
2018-08-04 17:13,         NaN
2018-08-05 05:07,         NaN
2018-08-05 17:05,       0.258
2018-08-06 05:00,         NaN
2018-08-06 16:56,         NaN
2018-08-07 16:49,         NaN
2018-08-09 05:25,       0.290
2018-08-10 05:16,       0.614
2018-08-10 17:13,         NaN
2018-08-11 05:08,         NaN
2018-08-11 17:04,       0.262
2018-08-12 04:59,         NaN
2018-08-12 16:57,         NaN
2018-08-13 16:48,         NaN
2018-08-15 05:24,       0.691
2018-08-16 05:16,       0.365
2018-08-16 17:13,         NaN
2018-08-17 05:07,         NaN
2018-08-17 17:05,       0.277
2018-08-18 05:00,         NaN
2018-08-18 16:56,         NaN
2018-08-19 16:49,         NaN
2018-08-21 05:25,       0.241
2018-08-22 05:16,       0.250
2018-08-22 17:13,         NaN
2018-08-23 05:08,         NaN
2018-08-23 17:04,       0.289
2018-08-24 04:59,         NaN
2018-08-24 16:57,         NaN
2018-08-25 16:48,         NaN
2018-08-27 05:24,       0.574
2018-08-28 05:16,       0.385
2018-08-28 17:13,         NaN
2018-08-29 05:07,         NaN
2018-08-29 17:05,       0.307
2018-08-30 05:00,         NaN
2018-08-30 16:56,         NaN
2018-08-31 16:49,         NaN
2018-09-02 05:25,       0.580
2018-09-03 05:16,       0.886
2018-09-03 17:13,         NaN
2018-09-04 05:08,         NaN
2018-09-04 17:04,       0.351
2018-09-05 04:59,         NaN
2018-09-05 16:57,         NaN
2018-09-06 16:48,         NaN
2018-09-08 05:24,       0.888
2018-09-09 05:16,       0.825
2018-09-09 17:13,         NaN
2018-09-10 05:07,         NaN
2018-09-10 17:05,       0.458
2018-09-11 05:00,         NaN
2018-09-11 16:56,         NaN
2018-09-12 16:49,         NaN
2018-09-14 05:25,       0.387
2018-09-15 05:16,       0.364
2018-09-15 17:13,         NaN
2018-09-16 05:08,         NaN
2018-09-16 17:04,       0.286
2018-09-17 04:59,         NaN
2018-09-17 16:57,         NaN
2018-09-18 16:48,         NaN
2018-09-20 05:24,       0.372
2018-09-21 05:16,       0.329
2018-09-21 17:13,         NaN
2018-09-22 05:07,         NaN
2018-09-22 17:05,       0.252
2018-09-23 05:00,         NaN
2018-09-23 16:56,         NaN
2018-09-24 16:49,         NaN
2018-09-26 05:25,       0.289
2018-09-27 05:16,       0.288
2018-09-27 17:13,         NaN
2018-09-28 05:08,         NaN
2018-09-28 17:04,       0.250
2018-09-29 04:59,         NaN
2018-09-29 16:57,         NaN
2018-09-30 16:48,         NaN
2018-10-02 05:24,       0.642
2018-10-03 05:16,       0.403
2018-10-03 17:13,         NaN
2018-10-04 05:07,         NaN
2018-10-04 17:05,       0.268
2018-10-05 05:00,         NaN
2018-10-05 16:56,         NaN
2018-10-06 16:49,         NaN
2018-10-08 05:25,       0.569
2018-10-09 05:17,       0.407
2018-10-09 17:13,         NaN
2018-10-10 05:08,         NaN
2018-10-10 17:04,       0.255
2018-10-11 04:59,         NaN
2018-10-11 16:57,         NaN
2018-10-12 16:48,         NaN
2018-10-14 05:24,       0.300
2018-10-15 05:16,       0.316
2018-10-15 17:13,         NaN
2018-10-16 05:07,         NaN
2018-10-16 17:05,       0.693
2018-10-17 05:00,         NaN
2018-10-17 16:56,         NaN
2018-10-18 16:49,         NaN
2018-10-20 05:25,       0.336
2018-10-21 05:16,       0.305
2018-10-21 17:13,         NaN
2018-10-22 05:08,         NaN
2018-10-22 17:04,       0.240
2018-10-23 04:59,         NaN
2018-10-23 16:57,         NaN
2018-10-24 16:48,         NaN
2018-10-26 05:24,       0.315
2018-10-27 05:16,       0.341
2018-10-27 17:13,         NaN
2018-10-28 05:07,         NaN
2018-10-28 17:05,       0.516
2018-10-29 05:00,         NaN
2018-10-29 16:56,         NaN
2018-10-30 16:49,         NaN
2018-11-01 05:25,       0.973
2018-11-02 05:16,         NaN
2018-11-02 17:13,         NaN
2018-11-03 05:08,         NaN
2018-11-03 17:04,         NaN
2018-11-04 04:59,         NaN
2018-11-04 16:57,         NaN
2018-11-05 16:48,         NaN
2018-11-07 05:24,       0.959
2018-11-08 05:16,         NaN
2018-11-08 17:13,         NaN
2018-11-09 05:07,         NaN
2018-11-09 17:05,       0.988
2018-11-10 05:00,         NaN
2018-11-10 16:56,         NaN
2018-11-11 16:49,         NaN
2018-11-13 05:25,       0.921
2018-11-14 05:16,         NaN
2018-11-14 17:13,         NaN
2018-11-15 05:08,         NaN
2018-11-15 17:04,       0.894
2018-11-16 04:59,         NaN
2018-11-16 16:57,         NaN
2018-11-17 16:48,         NaN
2018-11-19 05:24,       0.647
2018-11-20 05:16,         NaN
2018-11-20 17:13,         NaN
2018-11-21 05:08,         NaN
2018-11-21 17:05,       0.921
2018-11-22 05:00,         NaN
2018-11-22 16:56,         NaN
2018-11-23 16:49,         NaN
2018-11-25 05:25,       0.924
2018-11-26 17:13,         NaN
2018-11-27 05:08,         NaN
2018-11-27 17:04,       0.916
2018-11-28 04:59,         NaN
2018-11-28 16:57,         NaN
2018-11-29 16:48,         NaN
2018-12-01 05:24,       0.887
2018-12-02 05:16,       0.931
2018-12-02 17:13,         NaN
2018-12-03 05:08,         NaN
2018-12-03 17:05,       0.725
2018-12-04 05:00,         NaN
2018-12-04 16:56,         NaN
2018-12-05 16:49,         NaN
2018-12-07 05:25,       0.735
2018-12-08 05:16,       0.943
2018-12-08 17:13,         NaN
2018-12-09 05:08,         NaN
2018-12-09 17:04,       0.649
2018-12-10 04:59,         NaN
2018-12-10 16:57,         NaN
2018-12-11 16:48,         NaN
2018-12-13 05:24,       0.451
2018-12-14 05:16,       0.744
2018-12-14 17:13,         NaN
2018-12-15 05:08,         NaN
2018-12-15 17:05,       0.291
2018-12-16 16:56,         NaN
2018-12-17 16:49,         NaN
2018-12-19 05:25,         NaN
2018-12-20 05:16,       0.363
2018-12-20 17:13,         NaN
2018-12-21 05:08,         NaN
2018-12-22 04:59,         NaN
2018-12-22 16:57,         NaN
2018-12-23 16:48,         NaN
2018-12-25 05:24,         NaN
2018-12-26 05:16,         NaN
2018-12-26 17:13,         NaN
2018-12-27 05:08,         NaN
2018-12-27 17:05,       0.664
2018-12-28 16:56,         NaN
2018-12-29 16:49,         NaN
2018-12-31 05:25,         NaN
2019-01-01 05:16,         NaN
2019-01-01 17:13,         NaN
2019-01-02 05:08,         NaN
2019-01-02 17:04,       0.251
2019-01-03 16:57,         NaN
2019-01-04 16:48,         NaN
2019-01-06 05:24,         NaN
2019-01-07 05:16,         NaN
2019-01-07 17:13,         NaN
2019-01-08 05:08,         NaN
2019-01-08 17:05,         NaN
2019-01-09 16:56,         NaN
2019-01-10 16:49,         NaN
2019-01-12 05:25,         NaN
2019-01-13 05:16,         NaN
2019-01-13 17:13,         NaN
2019-01-14 05:08,         NaN
2019-01-14 17:04,       0.020
2019-01-15 16:57,         NaN
2019-01-16 16:48,         NaN
2019-01-18 05:24,       0.492
2019-01-19 05:16,       0.748
2019-01-19 17:13,         NaN
2019-01-20 05:08,         NaN
2019-01-20 17:05,       0.471
2019-01-21 16:56,         NaN
2019-01-22 16:49,         NaN
2019-01-24 05:25,       0.761
2019-01-25 05:16,         NaN
2019-01-25 17:13,         NaN
2019-01-26 05:08,         NaN
2019-01-26 17:04,         NaN
2019-01-27 16:57,         NaN
2019-01-28 16:48,         NaN
2019-01-30 05:24,         NaN
2019-01-31 05:16,         NaN
2019-01-31 17:12,         NaN
2019-02-01 05:08,         NaN
2019-02-01 17:05,       0.805
2019-02-02 05:00,         NaN
2019-02-03 16:49,         NaN
2019-02-05 05:25,         NaN
2019-02-06 05:16,         NaN
2019-02-06 17:13,         NaN
2019-02-07 05:08,         NaN
2019-02-07 17:04,       0.297
2019-02-08 16:57,         NaN
2019-02-09 16:48,         NaN
2019-02-11 05:24,       0.236
2019-02-12 05:16,       0.022
2019-02-13 05:08,         NaN
2019-02-13 17:05,       0.037
2019-02-14 16:56,         NaN
2019-02-15 16:49,         NaN
2019-02-17 05:25,         NaN
2019-02-18 05:16,       0.007
2019-02-18 17:13,         NaN
2019-02-19 05:08,         NaN
2019-02-19 17:04,       0.029
2019-02-20 04:59,         NaN
2019-02-20 16:57,         NaN
2019-02-21 16:48,         NaN
2019-02-23 05:24,       0.081
2019-02-24 05:16,         NaN
2019-02-24 17:13,         NaN
2019-02-25 05:08,         NaN
2019-02-25 17:05,       0.022
2019-02-26 05:00,         NaN
2019-02-26 16:56,         NaN
2019-02-27 16:49,         NaN
2019-03-01 05:25,       0.025
2019-03-02 05:16,       0.012
2019-03-02 17:13,         NaN
2019-03-03 05:08,         NaN
2019-03-03 17:04,       0.006
2019-03-04 04:59,         NaN
2019-03-04 16:57,         NaN
2019-03-05 16:48,         NaN
2019-03-07 05:24,       0.058
2019-03-08 05:16,       0.020
2019-03-08 17:13,         NaN
2019-03-09 05:08,         NaN
2019-03-09 17:05,       0.007
2019-03-10 05:00,         NaN
2019-03-10 16:56,         NaN
2019-03-11 16:49,         NaN
2019-03-13 05:25,       0.012
2019-03-14 05:16,         NaN
2019-03-14 17:13,         NaN
2019-03-15 05:08,         NaN
2019-03-15 17:04,       0.000
2019-03-16 04:59,         NaN
2019-03-16 16:57,         NaN
2019-03-17 16:48,         NaN
2019-03-19 05:24,       0.018
2019-03-20 05:16,       0.006
2019-03-20 17:13,         NaN
2019-03-21 05:08,         NaN
2019-03-21 17:05,         NaN
2019-03-22 05:00,         NaN
2019-03-22 16:56,         NaN
2019-03-23 16:49,         NaN
2019-03-25 05:25,       0.000
2019-03-26 05:16,       0.567
2019-03-26 17:13,         NaN
2019-03-27 05:08,         NaN
2019-03-27 17:04,         NaN
2019-03-28 04:59,         NaN
2019-03-28 16:57,         NaN
2019-03-29 16:48,         NaN
2019-03-31 05:24,       0.025
2019-04-01 05:16,       0.096
2019-04-01 17:13,         NaN
2019-04-02 05:08,         NaN
2019-04-02 17:05,         NaN
2019-04-03 05:00,         NaN
2019-04-03 16:56,         NaN
2019-04-04 16:49,         NaN
2019-04-06 05:25,       0.445
2019-04-07 05:16,       0.262
2019-04-07 17:13,         NaN
2019-04-08 05:08,         NaN
2019-04-08 17:04,       0.052
2019-04-09 04:59,         NaN
2019-04-09 16:57,         NaN
2019-04-10 16:48,         NaN
2019-04-12 05:24,       0.318
2019-04-13 05:16,       0.425
2019-04-13 17:13,         NaN
2019-04-14 05:08,         NaN
2019-04-14 17:05,       0.265
2019-04-15 05:00,         NaN
2019-04-15 16:56,         NaN
2019-04-16 16:49,         NaN
2019-04-19 05:16,       0.067
2019-04-19 17:13,         NaN
2019-04-20 05:08,         NaN
2019-04-20 17:04,       0.014
2019-04-21 04:59,         NaN
2019-04-21 16:57,         NaN
2019-04-22 16:48,         NaN
2019-04-24 05:24,       0.610
2019-04-25 05:16,       0.352
2019-04-26 05:08,         NaN
2019-04-26 17:05,       0.020
2019-04-27 05:00,         NaN
2019-04-27 16:56,         NaN
2019-04-28 16:49,         NaN
2019-04-30 05:25,       0.651
2019-05-01 05:16,       0.475
2019-05-01 17:13,         NaN
2019-05-02 05:08,         NaN
2019-05-02 17:04,       0.056
2019-05-03 04:59,         NaN
2019-05-03 16:57,         NaN
2019-05-04 16:48,         NaN
2019-05-06 05:24,       0.708
2019-05-07 05:16,       0.671
2019-05-07 17:13,         NaN
2019-05-08 05:08,         NaN
2019-05-08 17:05,       0.499
2019-05-09 05:00,         NaN
2019-05-09 16:56,         NaN
2019-05-10 16:49,         NaN
2019-05-12 05:25,       0.573
2019-05-13 05:16,       0.583
2019-05-13 17:13,         NaN
2019-05-14 05:08,         NaN
2019-05-14 17:04,       0.331
2019-05-15 04:59,         NaN
2019-05-15 16:57,         NaN
2019-05-16 16:48,         NaN
2019-05-18 05:24,       0.680
2019-05-19 05:16,       0.800
2019-05-19 17:13,         NaN
2019-05-20 05:07,         NaN
2019-05-20 17:05,       0.634
2019-05-21 05:00,         NaN
2019-05-21 16:56,         NaN
2019-05-22 16:49,         NaN
2019-05-24 05:25,       0.432
2019-05-25 05:16,       0.409
2019-05-25 17:13,         NaN
2019-05-26 05:08,         NaN
2019-05-26 17:04,       0.071
2019-05-27 04:59,         NaN
2019-05-27 16:57,         NaN
2019-05-28 16:48,         NaN
2019-05-30 05:24,       0.789
2019-05-31 05:16,       0.777
2019-05-31 17:13,         NaN
2019-06-01 05:07,         NaN
2019-06-01 17:05,       0.235
2019-06-02 05:00,         NaN
2019-06-02 16:56,         NaN
2019-06-03 16:49,         NaN
2019-06-05 05:25,       0.326
2019-06-06 05:16,       0.371
2019-06-06 17:13,         NaN
2019-06-07 05:08,         NaN
2019-06-07 17:04,       0.167
2019-06-08 04:59,         NaN
2019-06-08 16:57,         NaN
2019-06-09 16:48,         NaN
2019-06-11 05:24,       0.320
2019-06-12 05:16,       0.523
2019-06-12 17:13,         NaN
2019-06-13 05:07,         NaN
2019-06-13 17:05,       0.209
2019-06-14 05:00,         NaN
2019-06-14 16:56,         NaN
2019-06-15 16:49,         NaN
2019-06-17 05:25,       0.285
2019-06-18 05:16,       0.384
2019-06-18 17:13,         NaN
2019-06-19 05:08,         NaN
2019-06-19 17:05,       0.139
2019-06-20 04:59,         NaN
2019-06-20 16:57,         NaN
2019-06-21 16:48,         NaN
2019-06-23 05:24,       0.920
2019-06-24 05:16,       0.734
2019-06-25 05:08,         NaN
2019-06-25 17:05,       0.532
2019-06-26 05:00,         NaN
2019-06-26 16:56,         NaN
2019-06-27 16:49,         NaN
2019-06-29 05:25,       0.335
2019-06-30 05:16,       0.341
2019-06-30 17:13,         NaN
2019-07-01 05:08,         NaN
2019-07-01 17:05,       0.262
2019-07-02 16:57,         NaN
2019-07-03 16:48,         NaN
2019-07-05 05:24,       0.424
2019-07-06 05:16,       0.323
2019-07-06 17:13,         NaN
2019-07-07 05:08,         NaN
2019-07-07 17:05,       0.394
2019-07-08 05:00,         NaN
2019-07-08 16:56,         NaN
2019-07-09 16:49,         NaN
2019-07-11 05:25,       0.687
2019-07-12 05:16,       0.395
2019-07-12 17:13,         NaN
2019-07-13 05:08,         NaN
2019-07-13 17:05,       0.293
2019-07-14 04:59,         NaN
2019-07-14 16:57,         NaN
2019-07-15 16:48,         NaN
2019-07-17 05:24,       0.650
2019-07-18 05:16,       0.455
2019-07-18 17:13,         NaN
2019-07-19 05:08,         NaN
2019-07-19 17:05,       0.390
2019-07-20 05:00,         NaN
2019-07-20 16:56,         NaN
2019-07-21 16:49,         NaN
2019-07-23 05:25,       0.426
2019-07-24 05:16,       0.360
2019-07-24 17:13,         NaN
2019-07-25 05:08,         NaN
2019-07-25 17:05,       0.233
2019-07-26 04:59,         NaN
2019-07-26 16:57,         NaN
2019-07-27 16:48,         NaN
2019-07-29 05:24,       0.690
2019-07-30 05:16,       0.518
2019-07-30 17:13,         NaN
2019-07-31 05:08,         NaN
2019-07-31 17:05,       0.403
2019-08-01 05:00,         NaN
2019-08-01 16:56,         NaN
2019-08-02 16:49,         NaN
2019-08-04 05:25,       0.705
2019-08-05 05:16,       0.450
2019-08-05 17:13,         NaN
2019-08-06 05:08,         NaN
2019-08-06 17:05,       0.323
2019-08-07 04:59,         NaN
2019-08-07 16:57,         NaN
2019-08-08 16:48,         NaN
2019-08-10 05:24,       0.302
2019-08-11 05:16,       0.264
2019-08-11 17:13,         NaN
2019-08-12 05:08,         NaN
2019-08-12 17:05,       0.362
2019-08-13 05:00,         NaN
2019-08-13 16:56,         NaN
2019-08-14 16:49,         NaN
2019-08-16 05:25,       0.745
2019-08-17 05:16,       0.440
2019-08-17 17:13,         NaN
2019-08-18 05:08,         NaN
2019-08-18 17:05,       0.328
2019-08-19 04:59,         NaN
2019-08-19 16:57,         NaN
2019-08-20 16:48,         NaN
2019-08-22 05:24,       0.860
2019-08-23 05:16,       0.674
2019-08-24 05:08,         NaN
2019-08-24 17:05,       0.334
2019-08-25 05:00,         NaN
2019-08-25 16:56,         NaN
2019-08-26 16:49,         NaN
2019-08-28 05:25,       0.371
2019-08-29 05:16,       0.646
2019-08-29 17:13,         NaN
2019-08-30 05:08,         NaN
2019-08-30 17:05,       0.296
2019-08-31 04:59,         NaN
2019-08-31 16:57,         NaN
2019-09-01 16:48,         NaN
2019-09-03 05:24,       0.294
2019-09-04 05:16,       0.316
2019-09-04 17:13,         NaN
2019-09-05 05:08,         NaN
2019-09-05 17:05,       0.306
2019-09-06 05:00,         NaN
2019-09-06 16:56,         NaN
2019-09-07 16:49,         NaN
2019-09-09 05:25,       0.860
2019-09-10 05:16,       0.660
2019-09-10 17:13,         NaN
2019-09-11 05:08,         NaN
2019-09-11 17:05,       0.365
2019-09-12 04:59,         NaN
2019-09-12 16:57,         NaN
2019-09-15 05:24,       0.293
2019-09-16 05:16,       0.302
2019-09-16 17:13,         NaN
2019-09-17 05:08,         NaN
2019-09-17 17:05,       0.335
2019-09-18 05:00,         NaN
2019-09-18 16:56,         NaN
2019-09-19 16:49,         NaN
2019-09-21 05:25,       0.356
2019-09-22 05:16,       0.268
2019-09-22 17:13,         NaN
2019-09-23 05:08,         NaN
2019-09-24 04:59,         NaN
2019-09-24 16:57,         NaN
2019-09-27 05:24,       0.553
2019-09-28 05:16,       0.427
2019-09-28 17:13,         NaN
2019-09-29 17:05,       0.317
2019-09-30 05:00,         NaN
2019-09-30 16:56,         NaN
2019-10-01 16:49,         NaN
2019-10-03 05:25,       0.911
2019-10-04 05:16,       0.944
2019-10-04 17:13,         NaN
2019-10-05 05:08,         NaN
2019-10-05 17:05,       0.724
2019-10-06 04:59,         NaN
2019-10-06 16:57,         NaN
2019-10-07 16:48,         NaN
2019-10-09 05:24,       0.682
2019-10-10 05:16,       0.530
2019-10-10 17:13,         NaN
2019-10-11 05:08,         NaN
2019-10-11 17:05,       0.355
2019-10-12 05:00,         NaN
2019-10-12 16:56,         NaN
2019-10-13 16:49,         NaN
2019-10-15 05:25,       0.429
2019-10-16 05:16,       0.951
2019-10-16 17:13,         NaN
2019-10-17 05:08,         NaN
2019-10-17 17:05,       0.312
2019-10-18 04:59,         NaN
2019-10-18 16:57,         NaN
2019-10-19 16:48,         NaN
2019-10-21 05:24,       0.350
2019-10-22 05:16,       0.340
2019-10-23 05:08,         NaN
2019-10-23 17:05,       0.330
2019-10-24 05:00,         NaN
2019-10-24 16:56,         NaN
2019-10-25 16:49,         NaN
2019-10-27 05:25,       0.343
2019-10-28 05:16,       0.315
2019-10-28 17:13,         NaN
2019-10-29 05:08,         NaN
2019-10-29 17:05,       0.273
2019-10-30 04:59,         NaN
2019-10-30 16:57,         NaN
2019-10-31 16:48,         NaN
2019-11-02 05:24,       0.638
2019-11-03 05:16,       0.868
2019-11-03 17:13,         NaN
2019-11-04 05:07,         NaN
2019-11-04 17:05,       0.735
2019-11-05 05:00,         NaN
2019-11-05 16:56,         NaN
2019-11-06 16:49,         NaN
2019-11-08 05:25,       0.995
2019-11-09 05:16,       0.964
2019-11-09 17:13,         NaN
2019-11-10 05:08,         NaN
2019-11-10 17:05,       0.866
2019-11-11 04:59,         NaN
2019-11-12 16:48,         NaN
2019-11-14 05:24,       0.943
2019-11-15 05:16,         NaN
2019-11-15 17:13,         NaN
2019-11-16 05:07,         NaN
2019-11-16 17:05,       0.983
2019-11-17 05:00,         NaN
2019-11-17 16:56,         NaN
2019-11-18 16:49,         NaN
2019-11-20 05:25,       0.975
2019-11-21 05:16,         NaN
2019-11-21 17:13,         NaN
2019-11-22 05:08,         NaN
2019-11-22 17:05,       0.919
2019-11-23 04:59,         NaN
2019-11-23 16:57,         NaN
2019-11-24 16:48,         NaN
2019-11-26 05:24,       0.933
2019-11-27 05:16,         NaN
2019-11-27 17:13,         NaN
2019-11-28 05:07,         NaN
2019-11-28 17:05,       0.927
2019-11-29 05:00,         NaN
2019-11-29 16:56,         NaN
2019-11-30 16:49,         NaN
2019-12-02 05:25,       0.958
2019-12-03 05:16,         NaN
2019-12-03 17:13,         NaN
2019-12-04 05:08,         NaN
2019-12-04 17:05,       0.807
2019-12-05 04:59,         NaN
2019-12-05 16:57,         NaN
2019-12-06 16:48,         NaN
2019-12-08 05:24,       0.790
2019-12-09 05:16,       0.921
2019-12-09 17:13,         NaN
2019-12-10 05:07,         NaN
2019-12-10 17:05,       0.825
2019-12-11 05:00,         NaN
2019-12-11 16:56,         NaN
2019-12-12 16:49,         NaN
2019-12-14 05:25,         NaN
2019-12-15 05:16,       0.473
2019-12-15 17:13,         NaN
2019-12-16 05:08,         NaN
2019-12-16 17:05,       0.877
2019-12-17 04:59,         NaN
2019-12-17 16:57,         NaN
2019-12-18 16:48,         NaN
2019-12-20 05:24,       0.857
2019-12-21 05:16,       0.971
2019-12-22 05:07,         NaN
2019-12-22 17:05,       0.965
2019-12-23 05:00,         NaN
2019-12-23 16:56,         NaN
2019-12-24 16:49,         NaN
2019-12-26 05:25,       0.719
2019-12-27 05:16,       0.901
2019-12-27 17:13,         NaN
2019-12-28 05:08,         NaN
2019-12-28 17:05,       0.732
2019-12-29 16:57,         NaN
2019-12-30 16:48,         NaN
2020-01-01 05:24,         NaN
2020-01-02 05:16,         NaN
2020-01-02 17:13,         NaN
2020-01-03 05:07,         NaN
2020-01-03 17:05,       0.577
2020-01-04 16:56,         NaN
2020-01-05 16:49,         NaN
2020-01-07 05:25,         NaN
2020-01-08 05:16,         NaN
2020-01-08 17:13,         NaN
2020-01-09 05:08,         NaN
2020-01-09 17:05,       0.267
2020-01-10 16:57,         NaN
2020-01-11 16:48,         NaN
2020-01-13 05:24,         NaN
2020-01-14 05:16,         NaN
2020-01-14 17:13,         NaN
2020-01-15 05:07,         NaN
2020-01-15 17:05,       0.222
2020-01-16 16:56,         NaN
2020-01-17 16:49,         NaN
2020-01-19 05:25,       0.933
2020-01-20 05:16,       0.868
2020-01-20 17:13,         NaN
2020-01-21 05:08,         NaN
2020-01-21 17:05,       0.735
2020-01-22 16:57,         NaN
2020-01-23 16:48,         NaN
2020-01-25 05:24,       0.797
2020-01-26 05:16,       0.852
2020-01-26 17:13,         NaN
2020-01-27 05:07,         NaN
2020-01-27 17:05,       0.771
2020-01-28 05:00,         NaN
2020-01-28 16:56,         NaN
2020-01-29 16:49,         NaN
2020-01-31 05:25,       0.534
2020-02-01 05:16,       0.432
2020-02-01 17:13,         NaN
2020-02-02 05:08,         NaN
2020-02-03 04:59,         NaN
2020-02-03 16:57,         NaN
2020-02-04 16:48,         NaN
2020-02-06 05:24,         NaN
2020-02-07 05:16,         NaN
2020-02-07 17:13,         NaN
2020-02-08 05:07,         NaN
2020-02-08 17:05,       0.173
2020-02-09 16:56,         NaN
2020-02-10 16:49,         NaN
2020-02-12 05:25,       0.138
2020-02-13 05:16,       0.065
2020-02-13 17:13,         NaN
2020-02-14 05:08,         NaN
2020-02-14 17:05,       0.117
2020-02-15 04:59,         NaN
2020-02-15 16:57,         NaN
2020-02-16 16:48,         NaN
2020-02-18 05:24,       0.163
2020-02-19 05:16,       0.114
2020-02-20 05:07,         NaN
2020-02-20 17:05,       0.102
2020-02-21 16:56,         NaN
2020-02-22 16:49,         NaN
2020-02-24 05:25,       0.159
2020-02-25 05:16,       0.132
2020-02-25 17:13,         NaN
2020-02-26 05:08,         NaN
2020-02-26 17:05,       0.149
2020-02-27 16:57,         NaN
2020-02-28 16:48,         NaN
2020-03-01 05:24,       0.092
2020-03-02 17:13,         NaN
2020-03-03 05:07,         NaN
2020-03-03 17:05,       0.537
2020-03-04 05:00,         NaN
2020-03-04 16:56,         NaN
2020-03-05 16:49,         NaN
2020-03-07 05:25,       0.481
2020-03-08 05:16,       0.025
2020-03-08 17:13,         NaN
2020-03-09 05:08,         NaN
2020-03-09 17:05,       0.031
2020-03-10 16:57,         NaN
2020-03-11 16:48,         NaN
2020-03-13 05:24,       0.053
2020-03-14 05:16,       0.018
2020-03-14 17:13,         NaN
2020-03-15 05:07,         NaN
2020-03-15 17:05,       0.025
2020-03-16 05:00,         NaN
2020-03-16 16:56,         NaN
2020-03-17 16:49,         NaN
2020-03-19 05:25,       0.011
2020-03-20 05:16,         NaN
2020-03-20 17:13,         NaN
2020-03-21 05:08,         NaN
2020-03-21 17:05,         NaN
2020-03-22 04:59,         NaN
2020-03-22 16:57,         NaN
2020-03-23 16:48,         NaN
2020-03-25 05:24,       0.007
2020-03-26 17:13,         NaN
2020-03-27 17:05,       0.291
2020-03-28 05:00,         NaN
2020-03-28 16:56,         NaN
2020-03-29 16:49,         NaN
2020-03-31 05:25,       0.485
2020-04-01 05:16,       0.031
2020-04-01 17:13,         NaN
2020-04-02 05:08,         NaN
2020-04-02 17:05,         NaN
2020-04-03 04:59,         NaN
2020-04-03 16:57,         NaN
2020-04-04 16:48,         NaN
2020-04-06 05:24,         NaN
2020-04-07 05:16,         NaN
2020-04-07 17:13,         NaN
2020-04-08 05:07,         NaN
2020-04-08 17:05,         NaN
2020-04-09 05:00,         NaN
2020-04-09 16:56,         NaN
2020-04-10 16:49,         NaN
2020-04-12 05:25,       0.020
2020-04-13 05:16,         NaN
2020-04-13 17:13,         NaN
2020-04-14 05:08,         NaN
2020-04-14 17:05,       0.052
2020-04-15 04:59,         NaN
2020-04-15 16:57,         NaN
2020-04-16 16:48,         NaN
2020-04-18 05:24,         NaN
2020-04-20 05:07,         NaN
2020-04-20 17:05,       0.379
2020-04-21 05:00,         NaN
2020-04-21 16:56,         NaN
2020-04-22 16:49,         NaN
2020-04-24 05:25,       0.033
2020-04-25 05:16,         NaN
2020-04-25 17:13,         NaN
2020-04-26 05:08,         NaN
2020-04-26 17:05,         NaN
2020-04-27 04:59,         NaN
2020-04-27 16:57,         NaN
2020-04-28 16:48,         NaN
2020-04-30 05:24,       0.102
2020-05-01 05:16,         NaN
2020-05-01 17:13,         NaN
2020-05-02 05:07,         NaN
2020-05-02 17:05,         NaN
2020-05-03 05:00,         NaN
2020-05-03 16:56,         NaN
2020-05-04 16:49,         NaN
2020-05-06 05:25,         NaN
2020-05-07 05:16,       0.006
2020-05-07 17:13,         NaN
2020-05-08 05:08,         NaN
2020-05-08 17:05,         NaN
2020-05-09 04:59,         NaN
2020-05-09 16:57,         NaN
2020-05-10 16:48,         NaN
2020-05-12 05:24,       0.139
2020-05-13 05:16,       0.093
2020-05-13 17:13,         NaN
2020-05-14 05:08,         NaN
2020-05-14 17:05,       0.060
2020-05-15 05:00,         NaN
2020-05-15 16:56,         NaN
2020-05-16 16:49,         NaN
2020-05-18 05:25,       0.180
2020-05-19 05:16,       0.458
2020-05-19 17:13,         NaN
2020-05-20 05:08,         NaN
2020-05-20 17:05,       0.178
2020-05-21 04:59,         NaN
2020-05-21 16:57,         NaN
2020-05-22 16:48,         NaN
2020-05-24 05:24,       0.114
2020-05-25 05:16,       0.345
2020-05-25 17:13,         NaN
2020-05-26 05:08,         NaN
2020-05-26 17:05,       0.056
2020-05-27 05:00,         NaN
2020-05-27 16:56,         NaN
2020-05-28 16:49,         NaN
2020-05-30 05:25,       0.575
2020-05-31 05:16,       0.447
2020-05-31 17:13,         NaN
2020-06-01 05:08,         NaN
2020-06-01 17:05,       0.120
2020-06-02 04:59,         NaN
2020-06-02 16:57,         NaN
2020-06-03 16:48,         NaN
2020-06-05 05:24,       0.850
2020-06-06 05:16,       0.819
2020-06-06 17:13,         NaN
2020-06-07 05:08,         NaN
2020-06-07 17:05,       0.350
2020-06-08 05:00,         NaN
2020-06-08 16:56,         NaN
2020-06-09 16:49,         NaN
2020-06-11 05:25,       0.553
2020-06-12 05:16,       0.721
2020-06-12 17:13,         NaN
2020-06-13 05:08,         NaN
2020-06-13 17:05,       0.298
2020-06-14 04:59,         NaN
2020-06-14 16:57,         NaN
2020-06-15 16:48,         NaN
2020-06-17 05:24,       0.420
2020-06-18 05:17,       0.404
2020-06-19 05:08,         NaN
2020-06-19 17:05,       0.374
2020-06-20 05:00,         NaN
2020-06-20 16:56,         NaN
2020-06-23 05:25,       0.257
2020-06-24 05:16,       0.283
2020-06-24 17:13,         NaN
2020-06-25 05:08,         NaN
2020-06-25 17:05,       0.221
2020-06-26 04:59,         NaN
2020-06-26 16:57,         NaN
2020-06-27 16:48,         NaN
2020-06-29 05:24,       0.259
2020-06-30 05:17,       0.328
2020-06-30 17:13,         NaN
2020-07-01 05:08,         NaN
2020-07-01 17:05,       0.184
2020-07-02 05:00,         NaN
2020-07-02 16:56,         NaN
2020-07-03 16:49,         NaN
2020-07-05 05:25,       0.229
2020-07-06 05:16,       0.225
2020-07-06 17:13,         NaN
2020-07-07 05:08,         NaN
2020-07-07 17:05,       0.131
2020-07-08 04:59,         NaN
2020-07-08 16:57,         NaN
2020-07-09 16:48,         NaN
2020-07-11 05:24,       0.250
2020-07-12 05:17,       0.527
2020-07-12 17:13,         NaN
2020-07-13 05:08,         NaN
2020-07-13 17:05,       0.148
2020-07-14 05:00,         NaN
2020-07-14 16:56,         NaN
2020-07-15 16:49,         NaN
2020-07-17 05:25,       0.201
2020-07-18 05:16,       0.680
2020-07-18 17:13,         NaN
2020-07-19 05:08,         NaN
2020-07-19 17:05,       0.124
2020-07-20 04:59,         NaN
2020-07-20 16:57,         NaN
2020-07-21 16:48,         NaN
2020-07-23 05:24,       0.717
2020-07-24 05:17,       0.442
2020-07-24 17:13,         NaN
2020-07-25 05:08,         NaN
2020-07-25 17:05,       0.296
2020-07-26 05:00,         NaN
2020-07-26 16:56,         NaN
2020-07-27 16:49,         NaN
2020-07-29 05:25,       0.203
2020-07-30 05:16,       0.179
2020-07-30 17:13,         NaN
2020-07-31 05:08,         NaN
2020-07-31 17:05,       0.132
2020-08-01 04:59,         NaN
2020-08-01 16:57,         NaN
2020-08-02 16:48,         NaN
2020-08-04 05:24,       0.661
2020-08-05 05:17,       0.721
2020-08-05 17:13,         NaN
2020-08-06 05:08,         NaN
2020-08-06 17:05,       0.380
2020-08-07 05:00,         NaN
2020-08-07 16:56,         NaN
2020-08-08 16:49,         NaN
2020-08-10 05:25,       0.308
2020-08-11 05:16,       0.245
2020-08-11 17:13,         NaN
2020-08-12 05:08,         NaN
2020-08-12 17:05,       0.198
2020-08-13 04:59,         NaN
2020-08-13 16:57,         NaN
2020-08-14 16:48,         NaN
2020-08-16 05:24,       0.225
2020-08-17 05:17,       0.629
2020-08-17 17:13,         NaN
2020-08-18 05:08,         NaN
2020-08-18 17:05,       0.200
2020-08-19 05:00,         NaN
2020-08-19 16:56,         NaN
2020-08-20 16:49,         NaN
2020-08-22 05:25,       0.273
2020-08-23 05:16,       0.302
2020-08-23 17:13,         NaN
2020-08-24 05:08,         NaN
2020-08-24 17:05,       0.281
2020-08-25 04:59,         NaN
2020-08-25 16:57,         NaN
2020-08-26 16:48,         NaN
2020-08-28 05:24,       0.314
2020-08-29 05:17,       0.298
2020-08-29 17:13,         NaN
2020-08-30 05:08,         NaN
2020-08-30 17:05,       0.349
2020-08-31 05:00,         NaN
2020-08-31 16:56,         NaN
2020-09-01 16:49,         NaN
2020-09-03 05:25,       0.650
2020-09-04 05:16,       0.293
2020-09-04 17:13,         NaN
2020-09-05 05:08,         NaN
2020-09-05 17:05,       0.298
2020-09-06 04:59,         NaN
2020-09-06 16:57,         NaN
2020-09-07 16:48,         NaN
2020-09-09 05:24,       0.319
2020-09-10 05:17,       0.340
2020-09-10 17:13,         NaN
2020-09-11 05:08,         NaN
2020-09-11 17:05,       0.277
2020-09-12 05:00,         NaN
2020-09-12 16:56,         NaN
2020-09-13 16:49,         NaN
2020-09-15 05:25,       0.303
2020-09-16 05:16,       0.345
2020-09-16 17:13,         NaN
2020-09-17 05:08,         NaN
2020-09-17 17:05,       0.322
2020-09-18 04:59,         NaN
2020-09-18 16:57,         NaN
2020-09-19 16:48,         NaN
2020-09-21 05:24,       0.335
2020-09-22 05:17,       0.682
2020-09-22 17:13,         NaN
2020-09-23 05:08,         NaN
2020-09-23 17:05,       0.921
2020-09-24 05:00,         NaN
2020-09-24 16:56,         NaN
2020-09-25 16:49,         NaN
2020-09-27 05:25,       0.548
2020-09-28 05:16,       0.989
2020-09-28 17:13,         NaN
2020-09-29 05:08,         NaN
2020-09-29 17:05,       0.388
2020-09-30 04:59,         NaN
2020-09-30 16:57,         NaN
2020-10-01 16:48,         NaN
2020-10-03 05:24,       0.432
2020-10-04 05:17,       0.343
2020-10-04 17:13,         NaN
2020-10-05 05:08,         NaN
2020-10-05 17:05,       0.829
2020-10-06 05:00,         NaN
2020-10-06 16:56,         NaN
2020-10-07 16:49,         NaN
2020-10-09 05:25,       0.491
2020-10-10 05:16,       0.415
2020-10-10 17:13,         NaN
2020-10-11 05:08,         NaN
2020-10-11 17:05,         NaN
2020-10-12 04:59,         NaN
2020-10-12 16:57,         NaN
2020-10-13 16:48,         NaN
2020-10-15 05:24,         NaN
2020-10-16 05:17,         NaN
2020-10-17 05:08,         NaN
2020-10-17 17:05,       0.641
2020-10-18 05:00,         NaN
2020-10-18 16:56,         NaN
2020-10-19 16:49,         NaN
2020-10-21 05:25,       0.685
2020-10-22 05:16,       0.551
2020-10-22 17:13,         NaN
2020-10-23 05:08,         NaN
2020-10-23 17:05,       0.487
2020-10-24 04:59,         NaN
2020-10-24 16:57,         NaN
2020-10-25 16:48,         NaN
2020-10-27 05:24,         NaN
2020-10-28 05:17,       0.803
2020-10-28 17:13,         NaN
2020-10-29 05:08,         NaN
2020-10-29 17:05,       0.333
2020-10-30 05:00,         NaN
2020-10-30 16:56,         NaN
2020-10-31 16:49,         NaN
2020-11-02 05:25,       0.526
2020-11-03 05:16,       0.427
2020-11-03 17:13,         NaN
2020-11-04 05:08,         NaN
2020-11-04 17:05,       0.360
2020-11-05 04:59,         NaN
2020-11-05 16:57,         NaN
2020-11-06 16:48,         NaN
2020-11-08 05:24,       0.381
2020-11-09 05:17,       0.336
2020-11-09 17:13,         NaN
2020-11-10 05:08,         NaN
2020-11-10 17:05,       0.225
2020-11-11 05:00,         NaN
2020-11-11 16:56,         NaN
2020-11-12 16:49,         NaN
2020-11-14 05:25,       0.306
2020-11-15 05:16,       0.333
2020-11-15 17:13,         NaN
2020-11-16 05:08,         NaN
2020-11-16 17:05,       0.643
2020-11-17 04:59,         NaN
2020-11-17 16:57,         NaN
2020-11-18 16:48,         NaN
2020-11-20 05:24,         NaN
2020-11-21 05:17,       0.917
2020-11-21 17:13,         NaN
2020-11-22 05:08,         NaN
2020-11-22 17:05,       0.669
2020-11-23 05:00,         NaN
2020-11-23 16:56,         NaN
2020-11-24 16:49,         NaN
2020-11-26 05:25,       0.378
2020-11-27 05:16,       0.433
2020-11-27 17:13,         NaN
2020-11-28 05:08,         NaN
2020-11-28 17:05,       0.590
2020-11-29 04:59,         NaN
2020-11-29 16:57,         NaN
2020-11-30 16:48,         NaN
2020-12-02 05:24,         NaN
2020-12-03 05:17,         NaN
2020-12-03 17:13,         NaN
2020-12-04 05:08,         NaN
2020-12-04 17:05,         NaN
2020-12-05 05:00,         NaN
2020-12-05 16:56,         NaN
2020-12-06 16:49,         NaN
2020-12-08 05:25,         NaN
2020-12-09 05:16,         NaN
2020-12-09 17:13,         NaN
2020-12-10 05:08,         NaN
2020-12-10 17:05,         NaN
2020-12-11 04:59,         NaN
2020-12-11 16:57,         NaN
2020-12-12 16:48,         NaN
2020-12-14 05:24,       0.773
2020-12-15 05:17,       0.683
2020-12-15 17:13,         NaN
2020-12-16 05:08,         NaN
2020-12-16 17:05,       0.865
2020-12-17 05:00,         NaN
2020-12-17 16:56,         NaN
2020-12-18 16:49,         NaN
2020-12-20 05:25,       0.916
2020-12-21 05:16,       0.929
2020-12-21 17:13,         NaN
2020-12-22 05:08,         NaN
2020-12-22 17:05,       0.884
2020-12-23 04:59,         NaN
2020-12-23 16:57,         NaN
2020-12-24 16:48,         NaN
2020-12-26 05:24,       0.960
2020-12-27 05:17,         NaN
2020-12-27 17:13,         NaN
2020-12-28 05:08,         NaN
2020-12-28 17:05,       0.947
2020-12-29 05:00,         NaN
2020-12-29 16:56,         NaN
2020-12-30 16:49,         NaN
2021-01-01 05:25,       0.973
2021-01-02 05:16,         NaN
2021-01-02 17:13,         NaN
2021-01-03 05:08,         NaN
2021-01-03 17:05,         NaN
2021-01-04 04:59,         NaN
2021-01-04 16:57,         NaN
2021-01-07 05:24,         NaN
2021-01-08 05:17,         NaN
2021-01-08 17:13,         NaN
2021-01-09 05:08,         NaN
2021-01-09 17:05,       0.946
2021-01-10 05:00,         NaN
2021-01-10 16:56,         NaN
2021-01-11 16:49,         NaN
2021-01-13 05:25,         NaN
2021-01-14 05:16,         NaN
2021-01-14 17:13,         NaN
2021-01-15 05:08,         NaN
2021-01-15 17:05,       0.765
2021-01-16 16:57,         NaN
2021-01-17 16:48,         NaN
2021-01-19 05:24,         NaN
2021-01-20 17:13,         NaN
2021-01-21 05:08,         NaN
2021-01-21 17:05,       0.383
2021-01-22 05:00,         NaN
2021-01-22 16:56,         NaN
2021-01-23 16:49,         NaN
2021-01-25 05:25,         NaN
2021-01-26 05:16,         NaN
2021-01-26 17:13,         NaN
2021-01-27 05:08,         NaN
2021-01-27 17:05,         NaN
2021-01-28 04:59,         NaN
2021-01-28 16:57,         NaN
2021-01-29 16:48,         NaN
2021-01-31 05:24,       0.964
2021-02-01 05:17,       0.909
2021-02-01 17:13,         NaN
2021-02-02 05:08,         NaN
2021-02-02 17:05,       0.947
2021-02-03 05:00,         NaN
2021-02-03 16:56,         NaN
2021-02-04 16:49,         NaN
2021-02-06 05:25,       0.823
2021-02-07 05:16,       0.756
2021-02-07 17:13,         NaN
2021-02-08 05:08,         NaN
2021-02-08 17:05,       0.650
2021-02-09 04:59,         NaN
2021-02-09 16:57,         NaN
2021-02-10 16:48,         NaN
2021-02-12 05:24,       0.606
2021-02-14 05:08,         NaN
2021-02-14 17:05,       0.550
2021-02-15 16:56,         NaN
2021-02-16 16:49,         NaN
2021-02-18 05:25,       0.183
2021-02-19 05:16,       0.116
2021-02-19 17:13,         NaN
2021-02-20 05:08,         NaN
2021-02-20 17:05,       0.157
2021-02-21 04:59,         NaN
2021-02-21 16:57,         NaN
2021-02-22 16:48,         NaN
2021-02-24 05:24,       0.171
2021-02-25 05:17,       0.072
2021-02-25 17:13,         NaN
2021-02-26 05:08,         NaN
2021-02-27 05:00,         NaN
2021-02-27 16:56,         NaN
2021-02-28 16:49,         NaN
2021-03-02 05:25,       0.041
2021-03-03 05:16,       0.002
2021-03-03 17:13,         NaN
2021-03-04 05:08,         NaN
2021-03-04 17:05,       0.039
2021-03-05 04:59,         NaN
2021-03-05 16:57,         NaN
2021-03-06 16:48,         NaN
2021-03-08 05:24,       0.121
2021-03-09 05:17,       0.047
2021-03-09 17:13,         NaN
2021-03-10 05:08,         NaN
2021-03-10 17:05,       0.020
2021-03-11 16:56,         NaN
2021-03-12 16:49,         NaN
2021-03-14 05:25,       0.020
2021-03-15 05:16,       0.215
2021-03-15 17:13,         NaN
2021-03-16 05:08,         NaN
2021-03-16 17:04,       0.012
2021-03-17 16:57,         NaN
2021-03-18 16:48,         NaN
2021-03-20 05:24,         NaN
2021-03-21 05:17,         NaN
2021-03-21 17:13,         NaN
2021-03-22 05:08,         NaN
2021-03-22 17:05,         NaN
2021-03-23 05:00,         NaN
2021-03-23 16:56,         NaN
2021-03-24 16:49,         NaN
2021-03-26 05:25,       0.001
2021-03-27 05:16,       0.078
2021-03-27 17:13,         NaN
2021-03-28 05:08,         NaN
2021-03-28 17:04,         NaN
2021-03-29 04:59,         NaN
2021-03-29 16:57,         NaN
2021-03-30 16:48,         NaN
2021-04-01 05:24,       0.005
2021-04-02 05:17,       0.011
2021-04-02 17:13,         NaN
2021-04-03 05:08,         NaN
2021-04-03 17:05,         NaN
2021-04-04 05:00,         NaN
2021-04-04 16:56,         NaN
2021-04-05 16:49,         NaN
2021-04-07 05:25,       0.300
2021-04-08 17:13,         NaN
2021-04-09 05:08,         NaN
2021-04-09 17:04,         NaN
2021-04-10 04:59,         NaN
2021-04-10 16:57,         NaN
2021-04-11 16:48,         NaN
2021-04-13 05:24,       0.718
2021-04-14 05:17,       0.544
2021-04-14 17:13,         NaN
2021-04-15 05:08,         NaN
2021-04-15 17:05,       0.108
2021-04-16 05:00,         NaN
2021-04-16 16:56,         NaN
2021-04-17 16:49,         NaN
2021-04-19 05:25,       0.064
2021-04-20 05:16,       0.023
2021-04-20 17:13,         NaN
2021-04-21 05:08,         NaN
2021-04-21 17:04,         NaN
2021-04-22 04:59,         NaN
2021-04-22 16:57,         NaN
2021-04-23 16:48,         NaN
2021-04-25 05:24,       0.088
2021-04-26 05:17,         NaN
2021-04-26 17:13,         NaN
2021-04-27 05:08,         NaN
2021-04-27 17:05,         NaN
2021-04-28 05:00,         NaN
2021-04-28 16:57,         NaN
2021-04-29 16:49,         NaN
2021-05-01 05:25,       0.405
2021-05-02 05:16,       0.626
2021-05-03 05:09,         NaN
2021-05-03 17:04,         NaN
2021-05-04 04:59,         NaN
2021-05-04 16:57,         NaN
2021-05-05 16:48,         NaN
2021-05-07 05:24,       0.096
2021-05-08 05:17,       0.093
2021-05-08 17:13,         NaN
2021-05-09 05:08,         NaN
2021-05-09 17:05,         NaN
2021-05-10 05:00,         NaN
2021-05-10 16:56,         NaN
2021-05-11 16:49,         NaN
2021-05-13 05:25,       0.127
2021-05-14 05:16,         NaN
2021-05-14 17:13,         NaN
2021-05-15 05:08,         NaN
2021-05-15 17:04,       0.073
2021-05-16 04:59,         NaN
2021-05-16 16:57,         NaN
2021-05-17 16:48,         NaN
2021-05-19 05:24,       0.476
2021-05-20 05:17,       0.520
2021-05-20 17:13,         NaN
2021-05-21 05:08,         NaN
2021-05-21 17:05,       0.109
2021-05-22 05:00,         NaN
2021-05-22 16:56,         NaN
2021-05-23 16:49,         NaN
2021-05-25 05:25,       0.740
2021-05-26 05:16,       0.586
2021-05-26 17:13,         NaN
2021-05-27 05:08,         NaN
2021-05-27 17:04,       0.282
2021-05-28 04:59,         NaN
2021-05-28 16:57,         NaN
2021-05-29 16:48,         NaN
2021-05-31 05:24,       0.252
2021-06-01 05:17,       0.263
2021-06-01 17:13,         NaN
2021-06-02 05:08,         NaN
2021-06-02 17:05,       0.167
2021-06-03 05:00,         NaN
2021-06-03 16:56,         NaN
2021-06-04 16:49,         NaN
2021-06-06 05:25,       0.256
2021-06-07 05:16,       0.811
2021-06-07 17:13,         NaN
2021-06-08 05:08,         NaN
2021-06-09 04:59,         NaN
2021-06-09 16:57,         NaN
2021-06-10 16:48,         NaN
2021-06-12 05:24,       0.748
2021-06-13 05:17,       0.572
2021-06-13 17:13,         NaN
2021-06-14 05:08,         NaN
2021-06-14 17:05,       0.215
2021-06-15 05:00,         NaN
2021-06-15 16:56,         NaN
2021-06-16 16:49,         NaN
2021-06-18 05:25,       0.244
2021-06-19 05:16,       0.275
2021-06-19 17:13,         NaN
2021-06-20 05:08,         NaN
2021-06-20 17:04,       0.232
2021-06-21 04:59,         NaN
2021-06-21 16:57,         NaN
2021-06-22 16:48,         NaN
2021-06-24 05:24,       0.188
2021-06-25 05:17,       0.159
2021-06-25 17:13,         NaN
2021-06-26 05:08,         NaN
2021-06-26 17:05,       0.136
2021-06-27 05:00,         NaN
2021-06-27 16:56,         NaN
2021-06-28 16:49,         NaN
2021-06-30 05:25,       0.155
2021-07-01 05:16,       0.081
2021-07-01 17:13,         NaN
2021-07-02 05:08,         NaN
2021-07-02 17:05,       0.084
2021-07-03 05:00,         NaN
2021-07-03 16:57,         NaN
2021-07-04 16:48,         NaN
2021-07-06 05:24,       0.194
2021-07-07 05:17,       0.124
2021-07-07 17:13,         NaN
2021-07-08 05:08,         NaN
2021-07-08 17:05,       0.107
2021-07-09 05:00,         NaN
2021-07-09 16:56,         NaN
2021-07-10 16:49,         NaN
2021-07-12 05:25,       0.125
2021-07-13 05:16,       0.113
2021-07-13 17:13,         NaN
2021-07-14 05:08,         NaN
2021-07-14 17:05,       0.134
2021-07-15 05:00,         NaN
2021-07-15 16:57,         NaN
2021-07-16 16:48,         NaN
2021-07-18 05:24,       0.227
2021-07-19 05:17,       0.112
2021-07-19 17:13,         NaN
2021-07-20 05:08,         NaN
2021-07-20 17:05,       0.099
2021-07-21 05:00,         NaN
2021-07-21 16:56,         NaN
2021-07-22 16:49,         NaN
2021-07-24 05:25,       0.094
2021-07-25 05:16,       0.093
2021-07-25 17:13,         NaN
2021-07-26 05:08,         NaN
2021-07-26 17:05,       0.233
2021-07-27 04:59,         NaN
2021-07-28 16:50,         NaN
2021-07-30 05:24,       0.145
2021-07-31 05:17,       0.144
2021-07-31 17:13,         NaN
2021-08-18 05:17,         NaN
2021-09-07 16:56,         NaN
2021-09-10 05:25,       0.265
2021-09-11 05:16,       0.277
2021-09-12 05:08,         NaN
2021-09-12 17:05,       0.295
2021-09-13 04:59,         NaN
2021-09-13 16:57,         NaN
2021-09-14 16:48,         NaN
2021-09-16 05:24,       0.312
2021-09-17 05:17,       0.803
2021-09-17 17:13,         NaN
2021-09-18 05:08,         NaN
2021-09-18 17:06,       0.855
2021-09-19 05:01,         NaN
2021-09-19 16:56,         NaN
2021-09-20 16:49,         NaN
2021-09-22 05:25,       0.820
2021-09-23 05:16,       0.707
2021-09-23 17:13,         NaN
2021-09-24 17:05,       0.338
2021-09-25 04:59,         NaN
2021-09-25 16:57,         NaN
2021-09-26 16:48,         NaN
2021-09-29 05:17,       0.778
2021-09-29 17:13,         NaN
2021-09-30 05:08,         NaN
2021-10-01 05:00,         NaN
2021-10-01 16:56,         NaN
2021-10-02 16:49,         NaN
2021-10-04 05:25,       0.431
2021-10-05 05:16,       0.934
2021-10-06 05:08,         NaN
2021-10-06 17:05,       0.327
2021-10-07 04:59,         NaN
2021-10-08 16:48,         NaN
2021-10-10 05:24,       0.478
2021-10-11 17:14,         NaN
2021-10-12 05:08,         NaN
2021-10-12 17:06,       0.244
2021-10-13 05:02,         NaN
2021-10-16 05:25,       0.288
2021-10-17 05:16,       0.259
2021-10-17 17:13,         NaN
2021-10-18 17:05,         NaN
2021-10-19 04:59,         NaN
2021-10-20 16:48,         NaN
2021-10-23 05:18,       0.267
2021-10-23 17:13,         NaN
2021-10-24 05:08,         NaN
2021-10-24 17:07,         NaN
2021-10-25 05:00,         NaN
2021-10-25 16:56,         NaN
2021-10-29 05:16,         NaN
2021-10-29 17:13,         NaN
2021-10-30 05:09,         NaN
2021-10-30 17:05,       0.226
2021-10-31 04:59,         NaN
2021-10-31 16:57,         NaN
2021-11-01 16:49,         NaN
2021-11-03 05:24,       0.911
2021-11-07 16:49,         NaN
2021-11-09 05:25,       0.933
2021-11-10 05:16,       0.931
2021-11-10 17:13,         NaN
2021-11-11 05:08,         NaN
2021-11-11 17:05,       0.696
2021-11-12 04:59,         NaN
2021-11-12 16:57,         NaN
2021-11-15 05:24,         NaN
2021-11-16 17:13,         NaN
2021-11-17 05:08,         NaN
2021-11-17 17:06,         NaN
2021-11-18 05:00,         NaN
2021-11-22 05:16,       0.980
2021-11-23 05:08,         NaN
2021-11-24 04:59,         NaN
2021-11-24 16:57,         NaN
2021-11-25 16:48,         NaN
2021-11-27 05:24,       0.980
2021-11-28 05:17,       0.867
2021-11-28 17:13,         NaN
2021-11-29 05:08,         NaN
2021-12-01 16:49,         NaN
2021-12-03 05:25,       0.986
2021-12-04 05:16,       0.640
2021-12-04 17:13,         NaN
2021-12-05 05:08,         NaN
2021-12-05 17:05,       0.964
2021-12-06 04:59,         NaN
2021-12-06 16:57,         NaN
2021-12-07 16:48,         NaN
2021-12-09 05:24,       0.975
2021-12-10 05:17,         NaN
2021-12-10 17:13,         NaN
2021-12-11 05:08,         NaN
2021-12-11 17:05,       0.970
2021-12-12 05:00,         NaN
2021-12-12 16:56,         NaN
2021-12-15 05:25,         NaN
2021-12-16 05:16,         NaN
2021-12-16 17:13,         NaN
2021-12-17 05:08,         NaN
2021-12-17 17:05,       0.391
2021-12-18 04:59,         NaN
2021-12-18 16:57,         NaN
2021-12-19 16:48,         NaN
2021-12-21 05:24,         NaN
2021-12-22 05:17,       0.251
2021-12-22 17:13,         NaN
2021-12-23 05:08,         NaN
2021-12-23 17:05,       0.259
2021-12-25 16:49,         NaN
2021-12-27 05:25,         NaN
2021-12-28 17:13,         NaN
2021-12-29 05:08,         NaN
2021-12-30 16:57,         NaN
2022-01-03 05:17,       0.909
2022-01-04 17:05,       0.975
2022-01-06 16:49,         NaN
2022-01-08 05:25,       0.587
2022-01-09 17:13,         NaN
2022-01-10 05:08,         NaN
2022-01-11 16:57,         NaN
2022-01-15 05:17,       0.247
2022-01-16 17:05,       0.541
2022-01-18 16:49,         NaN
2022-01-20 05:25,       0.376
2022-01-21 17:13,         NaN
2022-01-22 05:08,         NaN
2022-01-23 16:57,         NaN
2022-01-27 05:17,       0.126
2022-01-28 17:05,       0.092
2022-01-29 05:00,         NaN
2022-01-30 16:49,         NaN
2022-02-01 05:25,       0.151
2022-02-02 17:13,         NaN
2022-02-03 05:08,         NaN
2022-02-04 16:57,         NaN
2022-02-08 05:17,       0.026
2022-02-09 17:05,       0.014
2022-02-10 05:00,         NaN
2022-02-11 16:49,         NaN
2022-02-13 05:25,       0.107
2022-02-14 17:13,         NaN
2022-02-15 05:08,         NaN
2022-02-16 16:57,         NaN
2022-02-20 05:17,       0.223
2022-02-21 17:05,       0.119
2022-02-23 16:49,         NaN
2022-02-25 05:25,       0.068
2022-02-26 17:13,         NaN
2022-02-27 05:08,         NaN
2022-02-28 16:57,         NaN
2022-03-04 05:17,         NaN
2022-03-05 17:05,         NaN
2022-03-06 05:00,         NaN
2022-03-07 16:49,         NaN
2022-03-09 05:25,         NaN
2022-03-10 17:13,         NaN
2022-03-11 05:08,         NaN
2022-03-12 16:57,         NaN
2022-03-16 05:17,         NaN
2022-03-17 17:05,         NaN
2022-03-18 05:00,         NaN
2022-03-19 16:49,         NaN
2022-03-21 05:25,         NaN
2022-03-22 17:13,         NaN
2022-03-23 05:08,         NaN
2022-03-24 16:57,         NaN
2022-03-28 05:17,         NaN
2022-03-29 17:05,         NaN
2022-03-30 05:00,         NaN
2022-03-31 16:49,         NaN
2022-04-02 05:25,       0.422
2022-04-03 17:13,         NaN
2022-04-04 05:08,         NaN
2022-04-05 16:57,         NaN
2022-04-09 05:17,         NaN
2022-04-10 17:05,         NaN
2022-04-11 05:00,         NaN
2022-04-12 16:49,         NaN
2022-04-15 17:13,         NaN
2022-04-16 05:08,         NaN
2022-04-17 16:57,         NaN
2022-04-21 05:17,       0.248
2022-04-22 17:05,       0.555
2022-04-23 05:00,         NaN
2022-04-24 16:49,         NaN
2022-04-26 05:25,       0.290
2022-04-27 17:13,         NaN
2022-04-28 05:08,         NaN
2022-04-29 16:57,         NaN
2022-05-03 05:17,         NaN
2022-05-04 17:05,         NaN
2022-05-05 05:00,         NaN
2022-05-06 16:49,         NaN
2022-05-08 05:25,       0.645
2022-05-09 17:13,         NaN
2022-05-10 05:08,         NaN
2022-05-11 16:57,         NaN
2022-05-15 05:17,       0.228
2022-05-16 17:05,       0.021
2022-05-17 05:00,         NaN
2022-05-18 16:49,         NaN
2022-05-20 05:25,       0.170
2022-05-21 17:13,         NaN
2022-05-22 05:08,         NaN
2022-05-27 05:17,       0.483
2022-05-28 17:05,       0.216
2022-05-29 05:00,         NaN
2022-05-30 16:49,         NaN
2022-06-01 05:25,       0.722
2022-06-02 17:13,         NaN
2022-06-03 05:10,         NaN
2022-06-04 16:57,         NaN
2022-06-08 05:17,       0.606
2022-06-10 05:00,         NaN
2022-06-11 16:49,         NaN
2022-06-13 05:25,       0.408
2022-06-14 17:13,         NaN
2022-06-15 05:09,         NaN
2022-06-16 16:57,         NaN
2022-06-20 05:17,       0.443
2022-06-21 17:06,       0.192
2022-06-22 05:00,         NaN
2022-06-23 16:49,         NaN
2022-06-25 05:25,       0.264
2022-06-26 17:13,         NaN
2022-06-27 05:09,         NaN
2022-06-28 16:57,         NaN
